frame.time_relative,frame.len,frame.protocols,frame.len,ip.version,_ws.col.protocol,ip.hdr_len,ip.tos,ip.id,ip.flags,ip.flags.rb,ip.flags.df,ip.flags.mf,ip.frag_offset,ip.ttl,ip.proto,ip.checksum,ip.src,ip.dst,ip.len,ip.dsfield,ip.geoip.dst_country,ip.geoip.dst_city,ip.geoip.src_country,ip.geoip.src_city,tcp.analysis,tcp.len,tcp.port,tcp.srcport,tcp.dstport,tcp.seq,tcp.ack,tcp.len,tcp.hdr_len,tcp.flags,tcp.flags.fin,tcp.flags.syn,tcp.flags.reset,tcp.flags.push,tcp.flags.ack,tcp.flags.urg,tcp.flags.cwr,tcp.window_size,tcp.checksum,tcp.urgent_pointer,tcp.options.mss_val,udp.length,udp.port,icmp.code,icmp.length,icmp.type,icmp.pref_level,icmpv6.code,icmpv6.length,icmpv6.type,dns.flags,dns.flags.recdesired,dns.flags.recavail,dns.flags.authenticated,dns.qry.type,dns.qry.class,dns.resp.type,dns.resp.class,dns.resp.ttl,http.connection,http.content_encoding,http.content_length,http.content_type,http.location,http.request.method,http.request.version,http.request.uri,http.response.version,http.response.code,http.tls_port,http.user_agent,http.www_authenticate,tls.alert_message,tls.ech.cipher_suite,tls.esni.suite,tls.handshake,tls.handshake.type,tls.handshake.version,tls.handshake.ciphersuites,tls.ssl2.handshake.type,tls.ssl2.handshake.cipherspec,sip.auth,sip.auth.algorithm,sip.Geolocation,sip.MIME-Version,sip.Via.transport,sip.Via.ttl,ssh.host_key.type,ssh.host_sig.type,ssh.packet_length,ssh.protocol,dhcp.hops,dhcp.type,dhcpv6.auth.algorithm,dhcpv6.auth.protocol,dhcpv6.hopcount,rdp.action,rdp.bVersion,rdp.bandwidth.headerlen,rdp.bandwidth.reqtype,rdp.bandwidth.resptype,rdp.bandwidth.typeid,rdp.client.address,rdp.connectionType,rdp.domain,rdp.encryptionLevel,rdp.encryptionMethod,rdp.entrySize,rdp.fastpath.eventheader,rdp.header.length,rdp.header.type,rdp.heartbeat.period,rdp.length,rdp.negReq.selectedProtocol,rdp.rdstls.version,rdp.networkcharacteristics.averagertt,rdp.targetUser,rdp.totalLength,rsync.hdr_magic,rsync.hdr_version,sftp.length,sftp.name_count,sftp.packet_length,sftp.packet_type,sftp.status,sftp.version,rtp.block-length,rtp.hdr_ext,rtp.p_type,rtp.version
0.000000000,,raw:ip:tcp:tls,1348,4,TLSv1.2,20,,0x71f2,0x02,False,True,False,0,127,6,0x6cd2,10.116.1.162,10.118.1.100,1348,0x00,,,,,1,,55104,55104,5061,1,1,1308,20,0x0018,False,False,False,True,True,False,False,1019,0x00b6,0,,,,,,,,,,,,,,,,,,,,,,,,,,,,,,,,,,,,,,,,,,,,,,,,,,,,,,,,,,,,,,,,,,,,,,,,,,,,,,,,,,,,,,,,,,
0.016429000,,raw:ip:tcp:tls,377,4,TLSv1.2,20,,0x1d77,0x02,False,True,False,0,127,6,0xc518,10.118.1.100,10.116.1.162,377,0x00,,,,,1,,5061,5061,55104,1,1309,337,20,0x0018,False,False,False,True,True,False,False,2043,0x76b2,0,,,,,,,,,,,,,,,,,,,,,,,,,,,,,,,,,,,,,,,,,,,,,,,,,,,,,,,,,,,,,,,,,,,,,,,,,,,,,,,,,,,,,,,,,,
0.065401000,,raw:ip:tcp,40,4,TCP,20,,0x71f3,0x02,False,True,False,0,127,6,0x71ed,10.116.1.162,10.118.1.100,40,0x00,,,,,1,,55104,55104,5061,1309,338,0,20,0x0010,False,False,False,False,True,False,False,1024,0xd494,0,,,,,,,,,,,,,,,,,,,,,,,,,,,,,,,,,,,,,,,,,,,,,,,,,,,,,,,,,,,,,,,,,,,,,,,,,,,,,,,,,,,,,,,,,,
0.065555000,,raw:ip:tcp:tls,367,4,TLSv1.2,20,,0x1d78,0x02,False,True,False,0,127,6,0xc521,10.118.1.100,10.116.1.162,367,0x00,,,,,1,,5061,5061,55104,338,1309,327,20,0x0018,False,False,False,True,True,False,False,2043,0x5930,0,,,,,,,,,,,,,,,,,,,,,,,,,,,,,,,,,,,,,,,,,,,,,,,,,,,,,,,,,,,,,,,,,,,,,,,,,,,,,,,,,,,,,,,,,,
0.112123000,,raw:ip:tcp,40,4,TCP,20,,0x71f4,0x02,False,True,False,0,127,6,0x71ec,10.116.1.162,10.118.1.100,40,0x00,,,,,1,,55104,55104,5061,1309,665,0,20,0x0010,False,False,False,False,True,False,False,1023,0xd34e,0,,,,,,,,,,,,,,,,,,,,,,,,,,,,,,,,,,,,,,,,,,,,,,,,,,,,,,,,,,,,,,,,,,,,,,,,,,,,,,,,,,,,,,,,,,
0.112228000,,raw:ip:tcp:tls,828,4,TLSv1.2,20,,0x1d79,0x02,False,True,False,0,127,6,0xc353,10.118.1.100,10.116.1.162,828,0x00,,,,,1,,5061,5061,55104,665,1309,788,20,0x0018,False,False,False,True,True,False,False,2043,0x4b41,0,,,,,,,,,,,,,,,,,,,,,,,,,,,,,,,,,,,,,,,,,,,,,,,,,,,,,,,,,,,,,,,,,,,,,,,,,,,,,,,,,,,,,,,,,,
0.113474000,,raw:ip:tcp:tls,396,4,TLSv1.2,20,,0x71f5,0x02,False,True,False,0,127,6,0x7087,10.116.1.162,10.118.1.100,396,0x00,,,,,1,,55104,55104,5061,1309,1453,356,20,0x0018,False,False,False,True,True,False,False,1020,0xfe75,0,,,,,,,,,,,,,,,,,,,,,,,,,,,,,,,,,,,,,,,,,,,,,,,,,,,,,,,,,,,,,,,,,,,,,,,,,,,,,,,,,,,,,,,,,,
0.167358000,,raw:ip:tcp,40,4,TCP,20,,0x1d7a,0x02,False,True,False,0,127,6,0xc666,10.118.1.100,10.116.1.162,40,0x00,,,,,1,,5061,5061,55104,1453,1665,0,20,0x0010,False,False,False,False,True,False,False,2048,0xcad5,0,,,,,,,,,,,,,,,,,,,,,,,,,,,,,,,,,,,,,,,,,,,,,,,,,,,,,,,,,,,,,,,,,,,,,,,,,,,,,,,,,,,,,,,,,,
10.369777000,,raw:ip:tcp:tls,453,4,TLSv1.2,20,,0x1d7b,0x02,False,True,False,0,127,6,0xc4c8,10.118.1.100,10.116.1.162,453,0x00,,,,,1,,5061,5061,55104,1453,1665,413,20,0x0018,False,False,False,True,True,False,False,2048,0xe833,0,,,,,,,,,,,,,,,,,,,,,,,,,,,,,,,,,,,,,,,,,,,,,,,,,,,,,,,,,,,,,,,,,,,,,,,,,,,,,,,,,,,,,,,,,,
10.371656000,,raw:ip:tcp:tls,432,4,TLSv1.2,20,,0x71f6,0x02,False,True,False,0,127,6,0x7062,10.116.1.162,10.118.1.100,432,0x00,,,,,1,,55104,55104,5061,1665,1866,392,20,0x0018,False,False,False,True,True,False,False,1024,0xa8b0,0,,,,,,,,,,,,,,,,,,,,,,,,,,,,,,,,,,,,,,,,,,,,,,,,,,,,,,,,,,,,,,,,,,,,,,,,,,,,,,,,,,,,,,,,,,
10.427234000,,raw:ip:tcp,40,4,TCP,20,,0x1d7c,0x02,False,True,False,0,127,6,0xc664,10.118.1.100,10.116.1.162,40,0x00,,,,,1,,5061,5061,55104,1866,2057,0,20,0x0010,False,False,False,False,True,False,False,2047,0xc7b1,0,,,,,,,,,,,,,,,,,,,,,,,,,,,,,,,,,,,,,,,,,,,,,,,,,,,,,,,,,,,,,,,,,,,,,,,,,,,,,,,,,,,,,,,,,,
15.361547000,,raw:ip:tcp:tls,277,4,TLSv1.2,20,,0x1d7d,0x02,False,True,False,0,127,6,0xc576,10.118.1.100,10.116.1.162,277,0x00,,,,,1,,5061,5061,55104,1866,2057,237,20,0x0018,False,False,False,True,True,False,False,2047,0xc593,0,,,,,,,,,,,,,,,,,,,,,,,,,,,,,,,,,,,,,,,,,,,,,,,,,,,,,,,,,,,,,,,,,,,,,,,,,,,,,,,,,,,,,,,,,,
15.363327000,,raw:ip:tcp:tls,279,4,TLSv1.2,20,,0x71f7,0x02,False,True,False,0,127,6,0x70fa,10.116.1.162,10.118.1.100,279,0x00,,,,,1,,55104,55104,5061,2057,2103,239,20,0x0018,False,False,False,True,True,False,False,1023,0x128c,0,,,,,,,,,,,,,,,,,,,,,,,,,,,,,,,,,,,,,,,,,,,,,,,,,,,,,,,,,,,,,,,,,,,,,,,,,,,,,,,,,,,,,,,,,,
15.420124000,,raw:ip:tcp,40,4,TCP,20,,0x1d7e,0x02,False,True,False,0,127,6,0xc662,10.118.1.100,10.116.1.162,40,0x00,,,,,1,,5061,5061,55104,2103,2296,0,20,0x0010,False,False,False,False,True,False,False,2046,0xc5d6,0,,,,,,,,,,,,,,,,,,,,,,,,,,,,,,,,,,,,,,,,,,,,,,,,,,,,,,,,,,,,,,,,,,,,,,,,,,,,,,,,,,,,,,,,,,
20.361719000,,raw:ip:tcp:tls,268,4,TLSv1.2,20,,0x1d7f,0x02,False,True,False,0,127,6,0xc57d,10.118.1.100,10.116.1.162,268,0x00,,,,,1,,5061,5061,55104,2103,2296,228,20,0x0018,False,False,False,True,True,False,False,2046,0x148a,0,,,,,,,,,,,,,,,,,,,,,,,,,,,,,,,,,,,,,,,,,,,,,,,,,,,,,,,,,,,,,,,,,,,,,,,,,,,,,,,,,,,,,,,,,,
20.363603000,,raw:ip:tcp:tls,275,4,TLSv1.2,20,,0x71f8,0x02,False,True,False,0,127,6,0x70fd,10.116.1.162,10.118.1.100,275,0x00,,,,,1,,55104,55104,5061,2296,2331,235,20,0x0018,False,False,False,True,True,False,False,1022,0xe08c,0,,,,,,,,,,,,,,,,,,,,,,,,,,,,,,,,,,,,,,,,,,,,,,,,,,,,,,,,,,,,,,,,,,,,,,,,,,,,,,,,,,,,,,,,,,
20.421464000,,raw:ip:tcp,40,4,TCP,20,,0x1d80,0x02,False,True,False,0,127,6,0xc660,10.118.1.100,10.116.1.162,40,0x00,,,,,1,,5061,5061,55104,2331,2531,0,20,0x0010,False,False,False,False,True,False,False,2045,0xc408,0,,,,,,,,,,,,,,,,,,,,,,,,,,,,,,,,,,,,,,,,,,,,,,,,,,,,,,,,,,,,,,,,,,,,,,,,,,,,,,,,,,,,,,,,,,
25.374288000,,raw:ip:tcp:tls,268,4,TLSv1.2,20,,0x1d81,0x02,False,True,False,0,127,6,0xc57b,10.118.1.100,10.116.1.162,268,0x00,,,,,1,,5061,5061,55104,2331,2531,228,20,0x0018,False,False,False,True,True,False,False,2045,0x00be,0,,,,,,,,,,,,,,,,,,,,,,,,,,,,,,,,,,,,,,,,,,,,,,,,,,,,,,,,,,,,,,,,,,,,,,,,,,,,,,,,,,,,,,,,,,
25.376106000,,raw:ip:tcp:tls,273,4,TLSv1.2,20,,0x71f9,0x02,False,True,False,0,127,6,0x70fe,10.116.1.162,10.118.1.100,273,0x00,,,,,1,,55104,55104,5061,2531,2559,233,20,0x0018,False,False,False,True,True,False,False,1021,0x74a8,0,,,,,,,,,,,,,,,,,,,,,,,,,,,,,,,,,,,,,,,,,,,,,,,,,,,,,,,,,,,,,,,,,,,,,,,,,,,,,,,,,,,,,,,,,,
25.436418000,,raw:ip:tcp,40,4,TCP,20,,0x1d82,0x02,False,True,False,0,127,6,0xc65e,10.118.1.100,10.116.1.162,40,0x00,,,,,1,,5061,5061,55104,2559,2764,0,20,0x0010,False,False,False,False,True,False,False,2044,0xc23c,0,,,,,,,,,,,,,,,,,,,,,,,,,,,,,,,,,,,,,,,,,,,,,,,,,,,,,,,,,,,,,,,,,,,,,,,,,,,,,,,,,,,,,,,,,,
29.378543000,,raw:ip:tcp:tls,283,4,TLSv1.2,20,,0x1d83,0x02,False,True,False,0,127,6,0xc56a,10.118.1.100,10.116.1.162,283,0x00,,,,,1,,5061,5061,55104,2559,2764,243,20,0x0018,False,False,False,True,True,False,False,2044,0xda01,0,,,,,,,,,,,,,,,,,,,,,,,,,,,,,,,,,,,,,,,,,,,,,,,,,,,,,,,,,,,,,,,,,,,,,,,,,,,,,,,,,,,,,,,,,,
29.380256000,,raw:ip:tcp:tls,268,4,TLSv1.2,20,,0x71fa,0x02,False,True,False,0,127,6,0x7102,10.116.1.162,10.118.1.100,268,0x00,,,,,1,,55104,55104,5061,2764,2802,228,20,0x0018,False,False,False,True,True,False,False,1020,0xa77a,0,,,,,,,,,,,,,,,,,,,,,,,,,,,,,,,,,,,,,,,,,,,,,,,,,,,,,,,,,,,,,,,,,,,,,,,,,,,,,,,,,,,,,,,,,,
29.444565000,,raw:ip:tcp,40,4,TCP,20,,0x1d84,0x02,False,True,False,0,127,6,0xc65c,10.118.1.100,10.116.1.162,40,0x00,,,,,1,,5061,5061,55104,2802,2992,0,20,0x0010,False,False,False,False,True,False,False,2043,0xc066,0,,,,,,,,,,,,,,,,,,,,,,,,,,,,,,,,,,,,,,,,,,,,,,,,,,,,,,,,,,,,,,,,,,,,,,,,,,,,,,,,,,,,,,,,,,
30.613860000,,raw:ip:tcp:tls,273,4,TLSv1.2,20,,0x1d85,0x02,False,True,False,0,127,6,0xc572,10.118.1.100,10.116.1.162,273,0x00,,,,,1,,5061,5061,55104,2802,2992,233,20,0x0018,False,False,False,True,True,False,False,2043,0xcf59,0,,,,,,,,,,,,,,,,,,,,,,,,,,,,,,,,,,,,,,,,,,,,,,,,,,,,,,,,,,,,,,,,,,,,,,,,,,,,,,,,,,,,,,,,,,
30.615525000,,raw:ip:tcp:tls,268,4,TLSv1.2,20,,0x71fb,0x02,False,True,False,0,127,6,0x7101,10.116.1.162,10.118.1.100,268,0x00,,,,,1,,55104,55104,5061,2992,3035,228,20,0x0018,False,False,False,True,True,False,False,1019,0xfd47,0,,,,,,,,,,,,,,,,,,,,,,,,,,,,,,,,,,,,,,,,,,,,,,,,,,,,,,,,,,,,,,,,,,,,,,,,,,,,,,,,,,,,,,,,,,
30.667361000,,raw:ip:tcp,40,4,TCP,20,,0x1d86,0x02,False,True,False,0,127,6,0xc65a,10.118.1.100,10.116.1.162,40,0x00,,,,,1,,5061,5061,55104,3035,3220,0,20,0x0010,False,False,False,False,True,False,False,2048,0xbe94,0,,,,,,,,,,,,,,,,,,,,,,,,,,,,,,,,,,,,,,,,,,,,,,,,,,,,,,,,,,,,,,,,,,,,,,,,,,,,,,,,,,,,,,,,,,
35.623410000,,raw:ip:tcp:tls,271,4,TLSv1.2,20,,0x1d87,0x02,False,True,False,0,127,6,0xc572,10.118.1.100,10.116.1.162,271,0x00,,,,,1,,5061,5061,55104,3035,3220,231,20,0x0018,False,False,False,True,True,False,False,2048,0x6237,0,,,,,,,,,,,,,,,,,,,,,,,,,,,,,,,,,,,,,,,,,,,,,,,,,,,,,,,,,,,,,,,,,,,,,,,,,,,,,,,,,,,,,,,,,,
35.625266000,,raw:ip:tcp:tls,263,4,TLSv1.2,20,,0x71fc,0x02,False,True,False,0,127,6,0x7105,10.116.1.162,10.118.1.100,263,0x00,,,,,1,,55104,55104,5061,3220,3266,223,20,0x0018,False,False,False,True,True,False,False,1024,0xc3ec,0,,,,,,,,,,,,,,,,,,,,,,,,,,,,,,,,,,,,,,,,,,,,,,,,,,,,,,,,,,,,,,,,,,,,,,,,,,,,,,,,,,,,,,,,,,
35.683875000,,raw:ip:tcp,40,4,TCP,20,,0x1d88,0x02,False,True,False,0,127,6,0xc658,10.118.1.100,10.116.1.162,40,0x00,,,,,1,,5061,5061,55104,3266,3443,0,20,0x0010,False,False,False,False,True,False,False,2047,0xbccf,0,,,,,,,,,,,,,,,,,,,,,,,,,,,,,,,,,,,,,,,,,,,,,,,,,,,,,,,,,,,,,,,,,,,,,,,,,,,,,,,,,,,,,,,,,,
38.770636000,,raw:ip:tcp:tls,277,4,TLSv1.2,20,,0x1d89,0x02,False,True,False,0,127,6,0xc56a,10.118.1.100,10.116.1.162,277,0x00,,,,,1,,5061,5061,55104,3266,3443,237,20,0x0018,False,False,False,True,True,False,False,2047,0xefa2,0,,,,,,,,,,,,,,,,,,,,,,,,,,,,,,,,,,,,,,,,,,,,,,,,,,,,,,,,,,,,,,,,,,,,,,,,,,,,,,,,,,,,,,,,,,
38.772400000,,raw:ip:tcp:tls,267,4,TLSv1.2,20,,0x71fd,0x02,False,True,False,0,127,6,0x7100,10.116.1.162,10.118.1.100,267,0x00,,,,,1,,55104,55104,5061,3443,3503,227,20,0x0018,False,False,False,True,True,False,False,1023,0x9568,0,,,,,,,,,,,,,,,,,,,,,,,,,,,,,,,,,,,,,,,,,,,,,,,,,,,,,,,,,,,,,,,,,,,,,,,,,,,,,,,,,,,,,,,,,,
38.788875000,,raw:ip:tcp:tls,846,4,TLSv1.2,20,,0x1d8a,0x02,False,True,False,0,127,6,0xc330,10.118.1.100,10.116.1.162,846,0x00,,,,,1,,5061,5061,55104,3503,3670,806,20,0x0018,False,False,False,True,True,False,False,2047,0x866c,0,,,,,,,,,,,,,,,,,,,,,,,,,,,,,,,,,,,,,,,,,,,,,,,,,,,,,,,,,,,,,,,,,,,,,,,,,,,,,,,,,,,,,,,,,,
38.790504000,,raw:ip:tcp:tls,280,4,TLSv1.2,20,,0x71fe,0x02,False,True,False,0,127,6,0x70f2,10.116.1.162,10.118.1.100,280,0x00,,,,,1,,55104,55104,5061,3670,4309,240,20,0x0018,False,False,False,True,True,False,False,1020,0x5660,0,,,,,,,,,,,,,,,,,,,,,,,,,,,,,,,,,,,,,,,,,,,,,,,,,,,,,,,,,,,,,,,,,,,,,,,,,,,,,,,,,,,,,,,,,,
38.855002000,,raw:ip:tcp,40,4,TCP,20,,0x1d8b,0x02,False,True,False,0,127,6,0xc655,10.118.1.100,10.116.1.162,40,0x00,,,,,1,,5061,5061,55104,4309,3910,0,20,0x0010,False,False,False,False,True,False,False,2046,0xb6ea,0,,,,,,,,,,,,,,,,,,,,,,,,,,,,,,,,,,,,,,,,,,,,,,,,,,,,,,,,,,,,,,,,,,,,,,,,,,,,,,,,,,,,,,,,,,
47.326423000,,raw:ip:tcp:tls,870,4,TLSv1.2,20,,0x71ff,0x02,False,True,False,0,127,6,0x6ea3,10.116.1.162,10.118.1.100,870,0x00,,,,,1,,55104,55104,5061,3910,4309,830,20,0x0018,False,False,False,True,True,False,False,1020,0xc6fb,0,,,,,,,,,,,,,,,,,,,,,,,,,,,,,,,,,,,,,,,,,,,,,,,,,,,,,,,,,,,,,,,,,,,,,,,,,,,,,,,,,,,,,,,,,,
47.328783000,,raw:ip:tcp:tls,488,4,TLSv1.2,20,,0x1d8c,0x02,False,True,False,0,127,6,0xc494,10.118.1.100,10.116.1.162,488,0x00,,,,,1,,5061,5061,55104,4309,4740,448,20,0x0018,False,False,False,True,True,False,False,2048,0x5f99,0,,,,,,,,,,,,,,,,,,,,,,,,,,,,,,,,,,,,,,,,,,,,,,,,,,,,,,,,,,,,,,,,,,,,,,,,,,,,,,,,,,,,,,,,,,
47.371944000,,raw:ip:tcp,40,4,TCP,20,,0x7200,0x02,False,True,False,0,127,6,0x71e0,10.116.1.162,10.118.1.100,40,0x00,,,,,1,,55104,55104,5061,4740,4757,0,20,0x0010,False,False,False,False,True,False,False,1024,0xb5ea,0,,,,,,,,,,,,,,,,,,,,,,,,,,,,,,,,,,,,,,,,,,,,,,,,,,,,,,,,,,,,,,,,,,,,,,,,,,,,,,,,,,,,,,,,,,
52.326330000,,raw:ip:tcp:tls,190,4,TLSv1.2,20,,0x7201,0x02,False,True,False,0,127,6,0x7149,10.116.1.162,10.118.1.100,190,0x00,,,,,1,,55104,55104,5061,4740,4757,150,20,0x0018,False,False,False,True,True,False,False,1024,0x8e0b,0,,,,,,,,,,,,,,,,,,,,,,,,,,,,,,,,,,,,,,,,,,,,,,,,,,,,,,,,,,,,,,,,,,,,,,,,,,,,,,,,,,,,,,,,,,
52.328770000,,raw:ip:tcp:tls,190,4,TLSv1.2,20,,0x1d8d,0x02,False,True,False,0,127,6,0xc5bd,10.118.1.100,10.116.1.162,190,0x00,,,,,1,,5061,5061,55104,4757,4890,150,20,0x0018,False,False,False,True,True,False,False,2048,0x79b2,0,,,,,,,,,,,,,,,,,,,,,,,,,,,,,,,,,,,,,,,,,,,,,,,,,,,,,,,,,,,,,,,,,,,,,,,,,,,,,,,,,,,,,,,,,,
52.372342000,,raw:ip:tcp,40,4,TCP,20,,0x7202,0x02,False,True,False,0,127,6,0x71de,10.116.1.162,10.118.1.100,40,0x00,,,,,1,,55104,55104,5061,4890,4907,0,20,0x0010,False,False,False,False,True,False,False,1023,0xb4bf,0,,,,,,,,,,,,,,,,,,,,,,,,,,,,,,,,,,,,,,,,,,,,,,,,,,,,,,,,,,,,,,,,,,,,,,,,,,,,,,,,,,,,,,,,,,
57.339334000,,raw:ip:tcp:tls,192,4,TLSv1.2,20,,0x7203,0x02,False,True,False,0,127,6,0x7145,10.116.1.162,10.118.1.100,192,0x00,,,,,1,,55104,55104,5061,4890,4907,152,20,0x0018,False,False,False,True,True,False,False,1023,0x9f1e,0,,,,,,,,,,,,,,,,,,,,,,,,,,,,,,,,,,,,,,,,,,,,,,,,,,,,,,,,,,,,,,,,,,,,,,,,,,,,,,,,,,,,,,,,,,
57.341624000,,raw:ip:tcp:tls,191,4,TLSv1.2,20,,0x1d8e,0x02,False,True,False,0,127,6,0xc5bb,10.118.1.100,10.116.1.162,191,0x00,,,,,1,,5061,5061,55104,4907,5042,151,20,0x0018,False,False,False,True,True,False,False,2047,0x9265,0,,,,,,,,,,,,,,,,,,,,,,,,,,,,,,,,,,,,,,,,,,,,,,,,,,,,,,,,,,,,,,,,,,,,,,,,,,,,,,,,,,,,,,,,,,
57.385323000,,raw:ip:tcp,40,4,TCP,20,,0x7204,0x02,False,True,False,0,127,6,0x71dc,10.116.1.162,10.118.1.100,40,0x00,,,,,1,,55104,55104,5061,5042,5058,0,20,0x0010,False,False,False,False,True,False,False,1023,0xb390,0,,,,,,,,,,,,,,,,,,,,,,,,,,,,,,,,,,,,,,,,,,,,,,,,,,,,,,,,,,,,,,,,,,,,,,,,,,,,,,,,,,,,,,,,,,
62.344415000,,raw:ip:tcp:tls,189,4,TLSv1.2,20,,0x7205,0x02,False,True,False,0,127,6,0x7146,10.116.1.162,10.118.1.100,189,0x00,,,,,1,,55104,55104,5061,5042,5058,149,20,0x0018,False,False,False,True,True,False,False,1023,0x4191,0,,,,,,,,,,,,,,,,,,,,,,,,,,,,,,,,,,,,,,,,,,,,,,,,,,,,,,,,,,,,,,,,,,,,,,,,,,,,,,,,,,,,,,,,,,
62.346696000,,raw:ip:tcp:tls,194,4,TLSv1.2,20,,0x1d8f,0x02,False,True,False,0,127,6,0xc5b7,10.118.1.100,10.116.1.162,194,0x00,,,,,1,,5061,5061,55104,5058,5191,154,20,0x0018,False,False,False,True,True,False,False,2047,0x0659,0,,,,,,,,,,,,,,,,,,,,,,,,,,,,,,,,,,,,,,,,,,,,,,,,,,,,,,,,,,,,,,,,,,,,,,,,,,,,,,,,,,,,,,,,,,
62.390522000,,raw:ip:tcp,40,4,TCP,20,,0x7206,0x02,False,True,False,0,127,6,0x71da,10.116.1.162,10.118.1.100,40,0x00,,,,,1,,55104,55104,5061,5191,5212,0,20,0x0010,False,False,False,False,True,False,False,1022,0xb262,0,,,,,,,,,,,,,,,,,,,,,,,,,,,,,,,,,,,,,,,,,,,,,,,,,,,,,,,,,,,,,,,,,,,,,,,,,,,,,,,,,,,,,,,,,,
65.116391000,,raw:ip:tcp:tls,199,4,TLSv1.2,20,,0x7207,0x02,False,True,False,0,127,6,0x713a,10.116.1.162,10.118.1.100,199,0x00,,,,,1,,55104,55104,5061,5191,5212,159,20,0x0018,False,False,False,True,True,False,False,1022,0xef7e,0,,,,,,,,,,,,,,,,,,,,,,,,,,,,,,,,,,,,,,,,,,,,,,,,,,,,,,,,,,,,,,,,,,,,,,,,,,,,,,,,,,,,,,,,,,
65.118830000,,raw:ip:tcp:tls,198,4,TLSv1.2,20,,0x1d90,0x02,False,True,False,0,127,6,0xc5b2,10.118.1.100,10.116.1.162,198,0x00,,,,,1,,5061,5061,55104,5212,5350,158,20,0x0018,False,False,False,True,True,False,False,2046,0x7a5e,0,,,,,,,,,,,,,,,,,,,,,,,,,,,,,,,,,,,,,,,,,,,,,,,,,,,,,,,,,,,,,,,,,,,,,,,,,,,,,,,,,,,,,,,,,,
65.131365000,,raw:ip:tcp:tls,490,4,TLSv1.2,20,,0x7208,0x02,False,True,False,0,127,6,0x7016,10.116.1.162,10.118.1.100,490,0x00,,,,,1,,55104,55104,5061,5350,5370,450,20,0x0018,False,False,False,True,True,False,False,1022,0xa6a6,0,,,,,,,,,,,,,,,,,,,,,,,,,,,,,,,,,,,,,,,,,,,,,,,,,,,,,,,,,,,,,,,,,,,,,,,,,,,,,,,,,,,,,,,,,,
65.134195000,,raw:ip:tcp:tls,192,4,TLSv1.2,20,,0x1d91,0x02,False,True,False,0,127,6,0xc5b7,10.118.1.100,10.116.1.162,192,0x00,,,,,1,,5061,5061,55104,5370,5800,152,20,0x0018,False,False,False,True,True,False,False,2044,0x5351,0,,,,,,,,,,,,,,,,,,,,,,,,,,,,,,,,,,,,,,,,,,,,,,,,,,,,,,,,,,,,,,,,,,,,,,,,,,,,,,,,,,,,,,,,,,
65.187444000,,raw:ip:tcp,40,4,TCP,20,,0x7209,0x02,False,True,False,0,127,6,0x71d7,10.116.1.162,10.118.1.100,40,0x00,,,,,1,,55104,55104,5061,5800,5522,0,20,0x0010,False,False,False,False,True,False,False,1021,0xaecc,0,,,,,,,,,,,,,,,,,,,,,,,,,,,,,,,,,,,,,,,,,,,,,,,,,,,,,,,,,,,,,,,,,,,,,,,,,,,,,,,,,,,,,,,,,,
124.400050000,,raw:ip:tcp:tls,455,4,TLSv1.2,20,,0x1d92,0x02,False,True,False,0,127,6,0xc4af,10.118.1.100,10.116.1.162,455,0x00,,,,,1,,5061,5061,55104,5522,5800,415,20,0x0018,False,False,False,True,True,False,False,2044,0xbf62,0,,,,,,,,,,,,,,,,,,,,,,,,,,,,,,,,,,,,,,,,,,,,,,,,,,,,,,,,,,,,,,,,,,,,,,,,,,,,,,,,,,,,,,,,,,
124.401943000,,raw:ip:tcp:tls,335,4,TLSv1.2,20,,0x720a,0x02,False,True,False,0,127,6,0x70af,10.116.1.162,10.118.1.100,335,0x00,,,,,1,,55104,55104,5061,5800,5937,295,20,0x0018,False,False,False,True,True,False,False,1019,0x95e7,0,,,,,,,,,,,,,,,,,,,,,,,,,,,,,,,,,,,,,,,,,,,,,,,,,,,,,,,,,,,,,,,,,,,,,,,,,,,,,,,,,,,,,,,,,,
124.464783000,,raw:ip:tcp,40,4,TCP,20,,0x1d93,0x02,False,True,False,0,127,6,0xc64d,10.118.1.100,10.116.1.162,40,0x00,,,,,1,,5061,5061,55104,5937,6095,0,20,0x0010,False,False,False,False,True,False,False,2048,0xa803,0,,,,,,,,,,,,,,,,,,,,,,,,,,,,,,,,,,,,,,,,,,,,,,,,,,,,,,,,,,,,,,,,,,,,,,,,,,,,,,,,,,,,,,,,,,
127.908550000,,raw:ip:tcp:tls,278,4,TLSv1.2,20,,0x1d94,0x02,False,True,False,0,127,6,0xc55e,10.118.1.100,10.116.1.162,278,0x00,,,,,1,,5061,5061,55104,5937,6095,238,20,0x0018,False,False,False,True,True,False,False,2048,0x9551,0,,,,,,,,,,,,,,,,,,,,,,,,,,,,,,,,,,,,,,,,,,,,,,,,,,,,,,,,,,,,,,,,,,,,,,,,,,,,,,,,,,,,,,,,,,
127.910348000,,raw:ip:tcp:tls,282,4,TLSv1.2,20,,0x720b,0x02,False,True,False,0,127,6,0x70e3,10.116.1.162,10.118.1.100,282,0x00,,,,,1,,55104,55104,5061,6095,6175,242,20,0x0018,False,False,False,True,True,False,False,1024,0xc6c0,0,,,,,,,,,,,,,,,,,,,,,,,,,,,,,,,,,,,,,,,,,,,,,,,,,,,,,,,,,,,,,,,,,,,,,,,,,,,,,,,,,,,,,,,,,,
127.924618000,,raw:ip:tcp:tls,591,4,TLSv1.2,20,,0x1d95,0x02,False,True,False,0,127,6,0xc424,10.118.1.100,10.116.1.162,591,0x00,,,,,1,,5061,5061,55104,6175,6337,551,20,0x0018,False,False,False,True,True,False,False,2047,0xdd08,0,,,,,,,,,,,,,,,,,,,,,,,,,,,,,,,,,,,,,,,,,,,,,,,,,,,,,,,,,,,,,,,,,,,,,,,,,,,,,,,,,,,,,,,,,,
127.925669000,,raw:ip:tcp:tls,258,4,TLSv1.2,20,,0x720c,0x02,False,True,False,0,127,6,0x70fa,10.116.1.162,10.118.1.100,258,0x00,,,,,1,,55104,55104,5061,6337,6726,218,20,0x0018,False,False,False,True,True,False,False,1022,0x5826,0,,,,,,,,,,,,,,,,,,,,,,,,,,,,,,,,,,,,,,,,,,,,,,,,,,,,,,,,,,,,,,,,,,,,,,,,,,,,,,,,,,,,,,,,,,
127.984831000,,raw:ip:tcp,40,4,TCP,20,,0x1d96,0x02,False,True,False,0,127,6,0xc64a,10.118.1.100,10.116.1.162,40,0x00,,,,,1,,5061,5061,55104,6726,6555,0,20,0x0010,False,False,False,False,True,False,False,2047,0xa323,0,,,,,,,,,,,,,,,,,,,,,,,,,,,,,,,,,,,,,,,,,,,,,,,,,,,,,,,,,,,,,,,,,,,,,,,,,,,,,,,,,,,,,,,,,,
217.933516000,,raw:ip:tcp:tls,81,4,TLSv1.2,20,,0x720d,0x02,False,True,False,0,127,6,0x71aa,10.116.1.162,10.118.1.100,81,0x00,,,,,1,,55104,55104,5061,6555,6726,41,20,0x0018,False,False,False,True,True,False,False,1022,0x0adc,0,,,,,,,,,,,,,,,,,,,,,,,,,,,,,,,,,,,,,,,,,,,,,,,,,,,,,,,,,,,,,,,,,,,,,,,,,,,,,,,,,,,,,,,,,,
217.992402000,,raw:ip:tcp,40,4,TCP,20,,0x1d97,0x02,False,True,False,0,127,6,0xc649,10.118.1.100,10.116.1.162,40,0x00,,,,,1,,5061,5061,55104,6726,6596,0,20,0x0010,False,False,False,False,True,False,False,2046,0xa2fb,0,,,,,,,,,,,,,,,,,,,,,,,,,,,,,,,,,,,,,,,,,,,,,,,,,,,,,,,,,,,,,,,,,,,,,,,,,,,,,,,,,,,,,,,,,,
307.933634000,,raw:ip:tcp:tls,78,4,TLSv1.2,20,,0x720e,0x02,False,True,False,0,127,6,0x71ac,10.116.1.162,10.118.1.100,78,0x00,,,,,1,,55104,55104,5061,6596,6726,38,20,0x0018,False,False,False,True,True,False,False,1022,0xb86d,0,,,,,,,,,,,,,,,,,,,,,,,,,,,,,,,,,,,,,,,,,,,,,,,,,,,,,,,,,,,,,,,,,,,,,,,,,,,,,,,,,,,,,,,,,,
307.992421000,,raw:ip:tcp,40,4,TCP,20,,0x1d98,0x02,False,True,False,0,127,6,0xc648,10.118.1.100,10.116.1.162,40,0x00,,,,,1,,5061,5061,55104,6726,6634,0,20,0x0010,False,False,False,False,True,False,False,2046,0xa2d5,0,,,,,,,,,,,,,,,,,,,,,,,,,,,,,,,,,,,,,,,,,,,,,,,,,,,,,,,,,,,,,,,,,,,,,,,,,,,,,,,,,,,,,,,,,,
397.948137000,,raw:ip:tcp:tls,78,4,TLSv1.2,20,,0x720f,0x02,False,True,False,0,127,6,0x71ab,10.116.1.162,10.118.1.100,78,0x00,,,,,1,,55104,55104,5061,6634,6726,38,20,0x0018,False,False,False,True,True,False,False,1022,0x77b6,0,,,,,,,,,,,,,,,,,,,,,,,,,,,,,,,,,,,,,,,,,,,,,,,,,,,,,,,,,,,,,,,,,,,,,,,,,,,,,,,,,,,,,,,,,,
398.010785000,,raw:ip:tcp,40,4,TCP,20,,0x1d99,0x02,False,True,False,0,127,6,0xc647,10.118.1.100,10.116.1.162,40,0x00,,,,,1,,5061,5061,55104,6726,6672,0,20,0x0010,False,False,False,False,True,False,False,2046,0xa2af,0,,,,,,,,,,,,,,,,,,,,,,,,,,,,,,,,,,,,,,,,,,,,,,,,,,,,,,,,,,,,,,,,,,,,,,,,,,,,,,,,,,,,,,,,,,
399.418391000,,raw:ip:tcp:tls,195,4,TLSv1.2,20,,0x7210,0x02,False,True,False,0,127,6,0x7135,10.116.1.162,10.118.1.100,195,0x00,,,,,1,,55104,55104,5061,6672,6726,155,20,0x0018,False,False,False,True,True,False,False,1022,0x959b,0,,,,,,,,,,,,,,,,,,,,,,,,,,,,,,,,,,,,,,,,,,,,,,,,,,,,,,,,,,,,,,,,,,,,,,,,,,,,,,,,,,,,,,,,,,
399.421329000,,raw:ip:tcp:tls,296,4,TLSv1.2,20,,0x1d9a,0x02,False,True,False,0,127,6,0xc546,10.118.1.100,10.116.1.162,296,0x00,,,,,1,,5061,5061,55104,6726,6827,256,20,0x0018,False,False,False,True,True,False,False,2045,0xb1e6,0,,,,,,,,,,,,,,,,,,,,,,,,,,,,,,,,,,,,,,,,,,,,,,,,,,,,,,,,,,,,,,,,,,,,,,,,,,,,,,,,,,,,,,,,,,
399.463180000,,raw:ip:tcp,40,4,TCP,20,,0x7211,0x02,False,True,False,0,127,6,0x71cf,10.116.1.162,10.118.1.100,40,0x00,,,,,1,,55104,55104,5061,6827,6982,0,20,0x0010,False,False,False,False,True,False,False,1021,0xa515,0,,,,,,,,,,,,,,,,,,,,,,,,,,,,,,,,,,,,,,,,,,,,,,,,,,,,,,,,,,,,,,,,,,,,,,,,,,,,,,,,,,,,,,,,,,
404.429691000,,raw:ip:tcp:tls,194,4,TLSv1.2,20,,0x7212,0x02,False,True,False,0,127,6,0x7134,10.116.1.162,10.118.1.100,194,0x00,,,,,1,,55104,55104,5061,6827,6982,154,20,0x0018,False,False,False,True,True,False,False,1021,0xc561,0,,,,,,,,,,,,,,,,,,,,,,,,,,,,,,,,,,,,,,,,,,,,,,,,,,,,,,,,,,,,,,,,,,,,,,,,,,,,,,,,,,,,,,,,,,
404.431957000,,raw:ip:tcp:tls,198,4,TLSv1.2,20,,0x1d9b,0x02,False,True,False,0,127,6,0xc5a7,10.118.1.100,10.116.1.162,198,0x00,,,,,1,,5061,5061,55104,6982,6981,158,20,0x0018,False,False,False,True,True,False,False,2045,0xaa4d,0,,,,,,,,,,,,,,,,,,,,,,,,,,,,,,,,,,,,,,,,,,,,,,,,,,,,,,,,,,,,,,,,,,,,,,,,,,,,,,,,,,,,,,,,,,
404.475813000,,raw:ip:tcp,40,4,TCP,20,,0x7213,0x02,False,True,False,0,127,6,0x71cd,10.116.1.162,10.118.1.100,40,0x00,,,,,1,,55104,55104,5061,6981,7140,0,20,0x0010,False,False,False,False,True,False,False,1020,0xa3de,0,,,,,,,,,,,,,,,,,,,,,,,,,,,,,,,,,,,,,,,,,,,,,,,,,,,,,,,,,,,,,,,,,,,,,,,,,,,,,,,,,,,,,,,,,,
409.429987000,,raw:ip:tcp:tls,191,4,TLSv1.2,20,,0x7214,0x02,False,True,False,0,127,6,0x7135,10.116.1.162,10.118.1.100,191,0x00,,,,,1,,55104,55104,5061,6981,7140,151,20,0x0018,False,False,False,True,True,False,False,1020,0x554e,0,,,,,,,,,,,,,,,,,,,,,,,,,,,,,,,,,,,,,,,,,,,,,,,,,,,,,,,,,,,,,,,,,,,,,,,,,,,,,,,,,,,,,,,,,,
409.432218000,,raw:ip:tcp:tls,193,4,TLSv1.2,20,,0x1d9c,0x02,False,True,False,0,127,6,0xc5ab,10.118.1.100,10.116.1.162,193,0x00,,,,,1,,5061,5061,55104,7140,7132,153,20,0x0018,False,False,False,True,True,False,False,2044,0x3b0a,0,,,,,,,,,,,,,,,,,,,,,,,,,,,,,,,,,,,,,,,,,,,,,,,,,,,,,,,,,,,,,,,,,,,,,,,,,,,,,,,,,,,,,,,,,,
409.476045000,,raw:ip:tcp,40,4,TCP,20,,0x7215,0x02,False,True,False,0,127,6,0x71cb,10.116.1.162,10.118.1.100,40,0x00,,,,,1,,55104,55104,5061,7132,7293,0,20,0x0010,False,False,False,False,True,False,False,1020,0xa2ae,0,,,,,,,,,,,,,,,,,,,,,,,,,,,,,,,,,,,,,,,,,,,,,,,,,,,,,,,,,,,,,,,,,,,,,,,,,,,,,,,,,,,,,,,,,,
413.063993000,,raw:ip:tcp:tls,203,4,TLSv1.2,20,,0x7216,0x02,False,True,False,0,127,6,0x7127,10.116.1.162,10.118.1.100,203,0x00,,,,,1,,55104,55104,5061,7132,7293,163,20,0x0018,False,False,False,True,True,False,False,1020,0xf214,0,,,,,,,,,,,,,,,,,,,,,,,,,,,,,,,,,,,,,,,,,,,,,,,,,,,,,,,,,,,,,,,,,,,,,,,,,,,,,,,,,,,,,,,,,,
413.066230000,,raw:ip:tcp:tls,197,4,TLSv1.2,20,,0x1d9d,0x02,False,True,False,0,127,6,0xc5a6,10.118.1.100,10.116.1.162,197,0x00,,,,,1,,5061,5061,55104,7293,7295,157,20,0x0018,False,False,False,True,True,False,False,2044,0x3655,0,,,,,,,,,,,,,,,,,,,,,,,,,,,,,,,,,,,,,,,,,,,,,,,,,,,,,,,,,,,,,,,,,,,,,,,,,,,,,,,,,,,,,,,,,,
413.080320000,,raw:ip:tcp:tls,741,4,TLSv1.2,20,,0x7217,0x02,False,True,False,0,127,6,0x6f0c,10.116.1.162,10.118.1.100,741,0x00,,,,,1,,55104,55104,5061,7295,7450,701,20,0x0018,False,False,False,True,True,False,False,1019,0x3252,0,,,,,,,,,,,,,,,,,,,,,,,,,,,,,,,,,,,,,,,,,,,,,,,,,,,,,,,,,,,,,,,,,,,,,,,,,,,,,,,,,,,,,,,,,,
413.094816000,,raw:ip:tcp:tls,195,4,TLSv1.2,20,,0x1d9e,0x02,False,True,False,0,127,6,0xc5a7,10.118.1.100,10.116.1.162,195,0x00,,,,,1,,5061,5061,55104,7450,7996,155,20,0x0018,False,False,False,True,True,False,False,2048,0xf6fe,0,,,,,,,,,,,,,,,,,,,,,,,,,,,,,,,,,,,,,,,,,,,,,,,,,,,,,,,,,,,,,,,,,,,,,,,,,,,,,,,,,,,,,,,,,,
413.138660000,,raw:ip:tcp,40,4,TCP,20,,0x7218,0x02,False,True,False,0,127,6,0x71c8,10.116.1.162,10.118.1.100,40,0x00,,,,,1,,55104,55104,5061,7996,7605,0,20,0x0010,False,False,False,False,True,False,False,1024,0x9e12,0,,,,,,,,,,,,,,,,,,,,,,,,,,,,,,,,,,,,,,,,,,,,,,,,,,,,,,,,,,,,,,,,,,,,,,,,,,,,,,,,,,,,,,,,,,
416.018709000,,raw:ip:tcp:tls,531,4,TLSv1.2,20,,0x1d9f,0x02,False,True,False,0,127,6,0xc456,10.118.1.100,10.116.1.162,531,0x00,,,,,1,,5061,5061,55104,7605,7996,491,20,0x0018,False,False,False,True,True,False,False,2048,0x4496,0,,,,,,,,,,,,,,,,,,,,,,,,,,,,,,,,,,,,,,,,,,,,,,,,,,,,,,,,,,,,,,,,,,,,,,,,,,,,,,,,,,,,,,,,,,
416.020607000,,raw:ip:tcp:tls,335,4,TLSv1.2,20,,0x7219,0x02,False,True,False,0,127,6,0x70a0,10.116.1.162,10.118.1.100,335,0x00,,,,,1,,55104,55104,5061,7996,8096,295,20,0x0018,False,False,False,True,True,False,False,1022,0xe4b2,0,,,,,,,,,,,,,,,,,,,,,,,,,,,,,,,,,,,,,,,,,,,,,,,,,,,,,,,,,,,,,,,,,,,,,,,,,,,,,,,,,,,,,,,,,,
416.071079000,,raw:ip:tcp,40,4,TCP,20,,0x1da0,0x02,False,True,False,0,127,6,0xc640,10.118.1.100,10.116.1.162,40,0x00,,,,,1,,5061,5061,55104,8096,8291,0,20,0x0010,False,False,False,False,True,False,False,2047,0x9701,0,,,,,,,,,,,,,,,,,,,,,,,,,,,,,,,,,,,,,,,,,,,,,,,,,,,,,,,,,,,,,,,,,,,,,,,,,,,,,,,,,,,,,,,,,,
421.008146000,,raw:ip:tcp:tls,297,4,TLSv1.2,20,,0x1da1,0x02,False,True,False,0,127,6,0xc53e,10.118.1.100,10.116.1.162,297,0x00,,,,,1,,5061,5061,55104,8096,8291,257,20,0x0018,False,False,False,True,True,False,False,2047,0x7bcb,0,,,,,,,,,,,,,,,,,,,,,,,,,,,,,,,,,,,,,,,,,,,,,,,,,,,,,,,,,,,,,,,,,,,,,,,,,,,,,,,,,,,,,,,,,,
421.010111000,,raw:ip:tcp:tls,270,4,TLSv1.2,20,,0x721a,0x02,False,True,False,0,127,6,0x70e0,10.116.1.162,10.118.1.100,270,0x00,,,,,1,,55104,55104,5061,8291,8353,230,20,0x0018,False,False,False,True,True,False,False,1021,0xfd28,0,,,,,,,,,,,,,,,,,,,,,,,,,,,,,,,,,,,,,,,,,,,,,,,,,,,,,,,,,,,,,,,,,,,,,,,,,,,,,,,,,,,,,,,,,,
421.066389000,,raw:ip:tcp,40,4,TCP,20,,0x1da2,0x02,False,True,False,0,127,6,0xc63e,10.118.1.100,10.116.1.162,40,0x00,,,,,1,,5061,5061,55104,8353,8521,0,20,0x0010,False,False,False,False,True,False,False,2046,0x951b,0,,,,,,,,,,,,,,,,,,,,,,,,,,,,,,,,,,,,,,,,,,,,,,,,,,,,,,,,,,,,,,,,,,,,,,,,,,,,,,,,,,,,,,,,,,
426.017250000,,raw:ip:tcp:tls,276,4,TLSv1.2,20,,0x1da3,0x02,False,True,False,0,127,6,0xc551,10.118.1.100,10.116.1.162,276,0x00,,,,,1,,5061,5061,55104,8353,8521,236,20,0x0018,False,False,False,True,True,False,False,2046,0x2d96,0,,,,,,,,,,,,,,,,,,,,,,,,,,,,,,,,,,,,,,,,,,,,,,,,,,,,,,,,,,,,,,,,,,,,,,,,,,,,,,,,,,,,,,,,,,
426.019022000,,raw:ip:tcp:tls,270,4,TLSv1.2,20,,0x721b,0x02,False,True,False,0,127,6,0x70df,10.116.1.162,10.118.1.100,270,0x00,,,,,1,,55104,55104,5061,8521,8589,230,20,0x0018,False,False,False,True,True,False,False,1020,0x29f6,0,,,,,,,,,,,,,,,,,,,,,,,,,,,,,,,,,,,,,,,,,,,,,,,,,,,,,,,,,,,,,,,,,,,,,,,,,,,,,,,,,,,,,,,,,,
426.070240000,,raw:ip:tcp,40,4,TCP,20,,0x1da4,0x02,False,True,False,0,127,6,0xc63c,10.118.1.100,10.116.1.162,40,0x00,,,,,1,,5061,5061,55104,8589,8751,0,20,0x0010,False,False,False,False,True,False,False,2045,0x934a,0,,,,,,,,,,,,,,,,,,,,,,,,,,,,,,,,,,,,,,,,,,,,,,,,,,,,,,,,,,,,,,,,,,,,,,,,,,,,,,,,,,,,,,,,,,
429.329845000,,raw:ip:tcp:tls,278,4,TLSv1.2,20,,0x1da5,0x02,False,True,False,0,127,6,0xc54d,10.118.1.100,10.116.1.162,278,0x00,,,,,1,,5061,5061,55104,8589,8751,238,20,0x0018,False,False,False,True,True,False,False,2045,0x1c37,0,,,,,,,,,,,,,,,,,,,,,,,,,,,,,,,,,,,,,,,,,,,,,,,,,,,,,,,,,,,,,,,,,,,,,,,,,,,,,,,,,,,,,,,,,,
429.331754000,,raw:ip:tcp:tls,266,4,TLSv1.2,20,,0x721c,0x02,False,True,False,0,127,6,0x70e2,10.116.1.162,10.118.1.100,266,0x00,,,,,1,,55104,55104,5061,8751,8827,226,20,0x0018,False,False,False,True,True,False,False,1019,0x70cf,0,,,,,,,,,,,,,,,,,,,,,,,,,,,,,,,,,,,,,,,,,,,,,,,,,,,,,,,,,,,,,,,,,,,,,,,,,,,,,,,,,,,,,,,,,,
429.347018000,,raw:ip:tcp:tls,664,4,TLSv1.2,20,,0x1da6,0x02,False,True,False,0,127,6,0xc3ca,10.118.1.100,10.116.1.162,664,0x00,,,,,1,,5061,5061,55104,8827,8977,624,20,0x0018,False,False,False,True,True,False,False,2044,0xd4c9,0,,,,,,,,,,,,,,,,,,,,,,,,,,,,,,,,,,,,,,,,,,,,,,,,,,,,,,,,,,,,,,,,,,,,,,,,,,,,,,,,,,,,,,,,,,
429.348131000,,raw:ip:tcp:tls,459,4,TLSv1.2,20,,0x721d,0x02,False,True,False,0,127,6,0x7020,10.116.1.162,10.118.1.100,459,0x00,,,,,1,,55104,55104,5061,8977,9451,419,20,0x0018,False,False,False,True,True,False,False,1024,0x4a9e,0,,,,,,,,,,,,,,,,,,,,,,,,,,,,,,,,,,,,,,,,,,,,,,,,,,,,,,,,,,,,,,,,,,,,,,,,,,,,,,,,,,,,,,,,,,
429.414076000,,raw:ip:tcp,40,4,TCP,20,,0x1da7,0x02,False,True,False,0,127,6,0xc639,10.118.1.100,10.116.1.162,40,0x00,,,,,1,,5061,5061,55104,9451,9396,0,20,0x0010,False,False,False,False,True,False,False,2048,0x8d64,0,,,,,,,,,,,,,,,,,,,,,,,,,,,,,,,,,,,,,,,,,,,,,,,,,,,,,,,,,,,,,,,,,,,,,,,,,,,,,,,,,,,,,,,,,,
432.036147000,,raw:ip:tcp:tls,275,4,TLSv1.2,20,,0x1da8,0x02,False,True,False,0,127,6,0xc54d,10.118.1.100,10.116.1.162,275,0x00,,,,,1,,5061,5061,55104,9451,9396,235,20,0x0018,False,False,False,True,True,False,False,2048,0xd395,0,,,,,,,,,,,,,,,,,,,,,,,,,,,,,,,,,,,,,,,,,,,,,,,,,,,,,,,,,,,,,,,,,,,,,,,,,,,,,,,,,,,,,,,,,,
432.037856000,,raw:ip:tcp:tls,274,4,TLSv1.2,20,,0x721e,0x02,False,True,False,0,127,6,0x70d8,10.116.1.162,10.118.1.100,274,0x00,,,,,1,,55104,55104,5061,9396,9686,234,20,0x0018,False,False,False,True,True,False,False,1023,0x07bf,0,,,,,,,,,,,,,,,,,,,,,,,,,,,,,,,,,,,,,,,,,,,,,,,,,,,,,,,,,,,,,,,,,,,,,,,,,,,,,,,,,,,,,,,,,,
432.089280000,,raw:ip:tcp,40,4,TCP,20,,0x1da9,0x02,False,True,False,0,127,6,0xc637,10.118.1.100,10.116.1.162,40,0x00,,,,,1,,5061,5061,55104,9686,9630,0,20,0x0010,False,False,False,False,True,False,False,2047,0x8b90,0,,,,,,,,,,,,,,,,,,,,,,,,,,,,,,,,,,,,,,,,,,,,,,,,,,,,,,,,,,,,,,,,,,,,,,,,,,,,,,,,,,,,,,,,,,
437.041423000,,raw:ip:tcp:tls,270,4,TLSv1.2,20,,0x1daa,0x02,False,True,False,0,127,6,0xc550,10.118.1.100,10.116.1.162,270,0x00,,,,,1,,5061,5061,55104,9686,9630,230,20,0x0018,False,False,False,True,True,False,False,2047,0xe3b7,0,,,,,,,,,,,,,,,,,,,,,,,,,,,,,,,,,,,,,,,,,,,,,,,,,,,,,,,,,,,,,,,,,,,,,,,,,,,,,,,,,,,,,,,,,,
437.043199000,,raw:ip:tcp:tls,268,4,TLSv1.2,20,,0x721f,0x02,False,True,False,0,127,6,0x70dd,10.116.1.162,10.118.1.100,268,0x00,,,,,1,,55104,55104,5061,9630,9916,228,20,0x0018,False,False,False,True,True,False,False,1022,0xc36f,0,,,,,,,,,,,,,,,,,,,,,,,,,,,,,,,,,,,,,,,,,,,,,,,,,,,,,,,,,,,,,,,,,,,,,,,,,,,,,,,,,,,,,,,,,,
437.095027000,,raw:ip:tcp,40,4,TCP,20,,0x1dab,0x02,False,True,False,0,127,6,0xc635,10.118.1.100,10.116.1.162,40,0x00,,,,,1,,5061,5061,55104,9916,9858,0,20,0x0010,False,False,False,False,True,False,False,2047,0x89c6,0,,,,,,,,,,,,,,,,,,,,,,,,,,,,,,,,,,,,,,,,,,,,,,,,,,,,,,,,,,,,,,,,,,,,,,,,,,,,,,,,,,,,,,,,,,
442.048803000,,raw:ip:tcp:tls,274,4,TLSv1.2,20,,0x1dac,0x02,False,True,False,0,127,6,0xc54a,10.118.1.100,10.116.1.162,274,0x00,,,,,1,,5061,5061,55104,9916,9858,234,20,0x0018,False,False,False,True,True,False,False,2047,0x6ef3,0,,,,,,,,,,,,,,,,,,,,,,,,,,,,,,,,,,,,,,,,,,,,,,,,,,,,,,,,,,,,,,,,,,,,,,,,,,,,,,,,,,,,,,,,,,
442.050601000,,raw:ip:tcp:tls,278,4,TLSv1.2,20,,0x7220,0x02,False,True,False,0,127,6,0x70d2,10.116.1.162,10.118.1.100,278,0x00,,,,,1,,55104,55104,5061,9858,10150,238,20,0x0018,False,False,False,True,True,False,False,1021,0x5272,0,,,,,,,,,,,,,,,,,,,,,,,,,,,,,,,,,,,,,,,,,,,,,,,,,,,,,,,,,,,,,,,,,,,,,,,,,,,,,,,,,,,,,,,,,,
442.102735000,,raw:ip:tcp,40,4,TCP,20,,0x1dad,0x02,False,True,False,0,127,6,0xc633,10.118.1.100,10.116.1.162,40,0x00,,,,,1,,5061,5061,55104,10150,10096,0,20,0x0010,False,False,False,False,True,False,False,2046,0x87ef,0,,,,,,,,,,,,,,,,,,,,,,,,,,,,,,,,,,,,,,,,,,,,,,,,,,,,,,,,,,,,,,,,,,,,,,,,,,,,,,,,,,,,,,,,,,
442.854445000,,raw:ip:tcp:tls,279,4,TLSv1.2,20,,0x1dae,0x02,False,True,False,0,127,6,0xc543,10.118.1.100,10.116.1.162,279,0x00,,,,,1,,5061,5061,55104,10150,10096,239,20,0x0018,False,False,False,True,True,False,False,2046,0x38a1,0,,,,,,,,,,,,,,,,,,,,,,,,,,,,,,,,,,,,,,,,,,,,,,,,,,,,,,,,,,,,,,,,,,,,,,,,,,,,,,,,,,,,,,,,,,
442.856129000,,raw:ip:tcp:tls,274,4,TLSv1.2,20,,0x7221,0x02,False,True,False,0,127,6,0x70d5,10.116.1.162,10.118.1.100,274,0x00,,,,,1,,55104,55104,5061,10096,10389,234,20,0x0018,False,False,False,True,True,False,False,1020,0x2ac1,0,,,,,,,,,,,,,,,,,,,,,,,,,,,,,,,,,,,,,,,,,,,,,,,,,,,,,,,,,,,,,,,,,,,,,,,,,,,,,,,,,,,,,,,,,,
442.871454000,,raw:ip:tcp:tls,334,4,TLSv1.2,20,,0x1daf,0x02,False,True,False,0,127,6,0xc50b,10.118.1.100,10.116.1.162,334,0x00,,,,,1,,5061,5061,55104,10389,10330,294,20,0x0018,False,False,False,True,True,False,False,2045,0x8bf0,0,,,,,,,,,,,,,,,,,,,,,,,,,,,,,,,,,,,,,,,,,,,,,,,,,,,,,,,,,,,,,,,,,,,,,,,,,,,,,,,,,,,,,,,,,,
442.872514000,,raw:ip:tcp:tls,266,4,TLSv1.2,20,,0x7222,0x02,False,True,False,0,127,6,0x70dc,10.116.1.162,10.118.1.100,266,0x00,,,,,1,,55104,55104,5061,10330,10683,226,20,0x0018,False,False,False,True,True,False,False,1019,0x3231,0,,,,,,,,,,,,,,,,,,,,,,,,,,,,,,,,,,,,,,,,,,,,,,,,,,,,,,,,,,,,,,,,,,,,,,,,,,,,,,,,,,,,,,,,,,
442.930855000,,raw:ip:tcp,40,4,TCP,20,,0x1db0,0x02,False,True,False,0,127,6,0xc630,10.118.1.100,10.116.1.162,40,0x00,,,,,1,,5061,5061,55104,10683,10556,0,20,0x0010,False,False,False,False,True,False,False,2044,0x8410,0,,,,,,,,,,,,,,,,,,,,,,,,,,,,,,,,,,,,,,,,,,,,,,,,,,,,,,,,,,,,,,,,,,,,,,,,,,,,,,,,,,,,,,,,,,
445.227483000,,raw:ip:tcp:tls,271,4,TLSv1.2,20,,0x1db1,0x02,False,True,False,0,127,6,0xc548,10.118.1.100,10.116.1.162,271,0x00,,,,,1,,5061,5061,55104,10683,10556,231,20,0x0018,False,False,False,True,True,False,False,2044,0x585d,0,,,,,,,,,,,,,,,,,,,,,,,,,,,,,,,,,,,,,,,,,,,,,,,,,,,,,,,,,,,,,,,,,,,,,,,,,,,,,,,,,,,,,,,,,,
445.229224000,,raw:ip:tcp:tls,261,4,TLSv1.2,20,,0x7223,0x02,False,True,False,0,127,6,0x70e0,10.116.1.162,10.118.1.100,261,0x00,,,,,1,,55104,55104,5061,10556,10914,221,20,0x0018,False,False,False,True,True,False,False,1024,0xa930,0,,,,,,,,,,,,,,,,,,,,,,,,,,,,,,,,,,,,,,,,,,,,,,,,,,,,,,,,,,,,,,,,,,,,,,,,,,,,,,,,,,,,,,,,,,
445.281925000,,raw:ip:tcp,40,4,TCP,20,,0x1db2,0x02,False,True,False,0,127,6,0xc62e,10.118.1.100,10.116.1.162,40,0x00,,,,,1,,5061,5061,55104,10914,10777,0,20,0x0010,False,False,False,False,True,False,False,2048,0x8248,0,,,,,,,,,,,,,,,,,,,,,,,,,,,,,,,,,,,,,,,,,,,,,,,,,,,,,,,,,,,,,,,,,,,,,,,,,,,,,,,,,,,,,,,,,,
450.223594000,,raw:ip:tcp:tls,273,4,TLSv1.2,20,,0x1db3,0x02,False,True,False,0,127,6,0xc544,10.118.1.100,10.116.1.162,273,0x00,,,,,1,,5061,5061,55104,10914,10777,233,20,0x0018,False,False,False,True,True,False,False,2048,0xe664,0,,,,,,,,,,,,,,,,,,,,,,,,,,,,,,,,,,,,,,,,,,,,,,,,,,,,,,,,,,,,,,,,,,,,,,,,,,,,,,,,,,,,,,,,,,
450.225297000,,raw:ip:tcp:tls,260,4,TLSv1.2,20,,0x7224,0x02,False,True,False,0,127,6,0x70e0,10.116.1.162,10.118.1.100,260,0x00,,,,,1,,55104,55104,5061,10777,11147,220,20,0x0018,False,False,False,True,True,False,False,1023,0x41dc,0,,,,,,,,,,,,,,,,,,,,,,,,,,,,,,,,,,,,,,,,,,,,,,,,,,,,,,,,,,,,,,,,,,,,,,,,,,,,,,,,,,,,,,,,,,
450.290435000,,raw:ip:tcp,40,4,TCP,20,,0x1db4,0x02,False,True,False,0,127,6,0xc62c,10.118.1.100,10.116.1.162,40,0x00,,,,,1,,5061,5061,55104,11147,10997,0,20,0x0010,False,False,False,False,True,False,False,2047,0x8084,0,,,,,,,,,,,,,,,,,,,,,,,,,,,,,,,,,,,,,,,,,,,,,,,,,,,,,,,,,,,,,,,,,,,,,,,,,,,,,,,,,,,,,,,,,,
453.472418000,,raw:ip:tcp:tls,276,4,TLSv1.2,20,,0x1db5,0x02,False,True,False,0,127,6,0xc53f,10.118.1.100,10.116.1.162,276,0x00,,,,,1,,5061,5061,55104,11147,10997,236,20,0x0018,False,False,False,True,True,False,False,2047,0x73fb,0,,,,,,,,,,,,,,,,,,,,,,,,,,,,,,,,,,,,,,,,,,,,,,,,,,,,,,,,,,,,,,,,,,,,,,,,,,,,,,,,,,,,,,,,,,
453.474174000,,raw:ip:tcp:tls,263,4,TLSv1.2,20,,0x7225,0x02,False,True,False,0,127,6,0x70dc,10.116.1.162,10.118.1.100,263,0x00,,,,,1,,55104,55104,5061,10997,11383,223,20,0x0018,False,False,False,True,True,False,False,1022,0xb6f2,0,,,,,,,,,,,,,,,,,,,,,,,,,,,,,,,,,,,,,,,,,,,,,,,,,,,,,,,,,,,,,,,,,,,,,,,,,,,,,,,,,,,,,,,,,,
453.488986000,,raw:ip:tcp:tls,505,4,TLSv1.2,20,,0x1db6,0x02,False,True,False,0,127,6,0xc459,10.118.1.100,10.116.1.162,505,0x00,,,,,1,,5061,5061,55104,11383,11220,465,20,0x0018,False,False,False,True,True,False,False,2047,0x78f7,0,,,,,,,,,,,,,,,,,,,,,,,,,,,,,,,,,,,,,,,,,,,,,,,,,,,,,,,,,,,,,,,,,,,,,,,,,,,,,,,,,,,,,,,,,,
453.490069000,,raw:ip:tcp:tls,271,4,TLSv1.2,20,,0x7226,0x02,False,True,False,0,127,6,0x70d3,10.116.1.162,10.118.1.100,271,0x00,,,,,1,,55104,55104,5061,11220,11848,231,20,0x0018,False,False,False,True,True,False,False,1020,0xe62b,0,,,,,,,,,,,,,,,,,,,,,,,,,,,,,,,,,,,,,,,,,,,,,,,,,,,,,,,,,,,,,,,,,,,,,,,,,,,,,,,,,,,,,,,,,,
453.552129000,,raw:ip:tcp,40,4,TCP,20,,0x1db7,0x02,False,True,False,0,127,6,0xc629,10.118.1.100,10.116.1.162,40,0x00,,,,,1,,5061,5061,55104,11848,11451,0,20,0x0010,False,False,False,False,True,False,False,2046,0x7c02,0,,,,,,,,,,,,,,,,,,,,,,,,,,,,,,,,,,,,,,,,,,,,,,,,,,,,,,,,,,,,,,,,,,,,,,,,,,,,,,,,,,,,,,,,,,
543.481761000,,raw:ip:tcp:tls,78,4,TLSv1.2,20,,0x7227,0x02,False,True,False,0,127,6,0x7193,10.116.1.162,10.118.1.100,78,0x00,,,,,1,,55104,55104,5061,11451,11848,38,20,0x0018,False,False,False,True,True,False,False,1020,0x7e6e,0,,,,,,,,,,,,,,,,,,,,,,,,,,,,,,,,,,,,,,,,,,,,,,,,,,,,,,,,,,,,,,,,,,,,,,,,,,,,,,,,,,,,,,,,,,
543.534143000,,raw:ip:tcp,40,4,TCP,20,,0x1db8,0x02,False,True,False,0,127,6,0xc628,10.118.1.100,10.116.1.162,40,0x00,,,,,1,,5061,5061,55104,11848,11489,0,20,0x0010,False,False,False,False,True,False,False,2046,0x7bdc,0,,,,,,,,,,,,,,,,,,,,,,,,,,,,,,,,,,,,,,,,,,,,,,,,,,,,,,,,,,,,,,,,,,,,,,,,,,,,,,,,,,,,,,,,,,
613.616300000,,raw:ip:tcp,52,4,TCP,20,,0x55e8,0x02,False,True,False,0,127,6,0x8e4e,10.116.1.162,10.118.1.2,52,0x00,,,,,,,59430,59430,445,0,0,0,32,0x0002,False,True,False,False,False,False,False,64240,0x16b6,0,1338,,,,,,,,,,,,,,,,,,,,,,,,,,,,,,,,,,,,,,,,,,,,,,,,,,,,,,,,,,,,,,,,,,,,,,,,,,,,,,,,,,,,,,,,,
613.616478000,,raw:ip:tcp,52,4,TCP,20,,0x68b6,0x02,False,True,False,0,127,6,0x7b80,10.118.1.2,10.116.1.162,52,0x00,,,,,1,,445,445,59430,0,1,0,32,0x0012,False,True,False,False,True,False,False,8192,0x2b9e,0,1460,,,,,,,,,,,,,,,,,,,,,,,,,,,,,,,,,,,,,,,,,,,,,,,,,,,,,,,,,,,,,,,,,,,,,,,,,,,,,,,,,,,,,,,,,
613.616899000,,raw:ip:tcp,40,4,TCP,20,,0x55e9,0x02,False,True,False,0,127,6,0x8e59,10.116.1.162,10.118.1.2,40,0x00,,,,,1,,59430,59430,445,1,1,0,20,0x0010,False,False,False,False,True,False,False,2097920,0x6c6e,0,,,,,,,,,,,,,,,,,,,,,,,,,,,,,,,,,,,,,,,,,,,,,,,,,,,,,,,,,,,,,,,,,,,,,,,,,,,,,,,,,,,,,,,,,,
613.616931000,,raw:ip:tcp:nbss:smb,113,4,SMB,20,,0x55ea,0x02,False,True,False,0,127,6,0x8e0f,10.116.1.162,10.118.1.2,113,0x00,,,,,1,,59430,59430,445,1,1,73,20,0x0018,False,False,False,True,True,False,False,2097920,0x3509,0,,,,,,,,,,,,,,,,,,,,,,,,,,,,,,,,,,,,,,,,,,,,,,,,,,,,,,,,,,,,,,,,,,,,,,,,,,,,,,,,,,,,,,,,,,
613.617347000,,raw:ip:tcp:nbss:smb2:gss-api:spnego,292,4,SMB2,20,,0x68b7,0x02,False,True,False,0,127,6,0x7a8f,10.118.1.2,10.116.1.162,292,0x00,,,,,1,,445,445,59430,1,74,252,20,0x0018,False,False,False,True,True,False,False,524288,0x2a0d,0,,,,,,,,,,,,,,,,,,,,,,,,,,,,,,,,,,,,,,,,,,,,,,,,,,,,,,,,,,,,,,,,,,,,,,,,,,,,,,,,,,,,,,,,,,
613.617717000,,raw:ip:tcp:nbss:smb2,218,4,SMB2,20,,0x55eb,0x02,False,True,False,0,127,6,0x8da5,10.116.1.162,10.118.1.2,218,0x00,,,,,1,,59430,59430,445,74,253,178,20,0x0018,False,False,False,True,True,False,False,2097664,0xc8ba,0,,,,,,,,,,,,,,,,,,,,,,,,,,,,,,,,,,,,,,,,,,,,,,,,,,,,,,,,,,,,,,,,,,,,,,,,,,,,,,,,,,,,,,,,,,
613.618023000,,raw:ip:tcp:nbss:smb2:gss-api:spnego,352,4,SMB2,20,,0x68b8,0x02,False,True,False,0,127,6,0x7a52,10.118.1.2,10.116.1.162,352,0x00,,,,,1,,445,445,59430,253,252,312,20,0x0018,False,False,False,True,True,False,False,524288,0xccdf,0,,,,,,,,,,,,,,,,,,,,,,,,,,,,,,,,,,,,,,,,,,,,,,,,,,,,,,,,,,,,,,,,,,,,,,,,,,,,,,,,,,,,,,,,,,
613.619439000,,raw:ip:tcp,1378,4,TCP,20,,0x55ec,0x02,False,True,False,0,127,6,0x891c,10.116.1.162,10.118.1.2,1378,0x00,,,,,1,,59430,59430,445,252,565,1338,20,0x0010,False,False,False,False,True,False,False,2097408,0x9a9a,0,,,,,,,,,,,,,,,,,,,,,,,,,,,,,,,,,,,,,,,,,,,,,,,,,,,,,,,,,,,,,,,,,,,,,,,,,,,,,,,,,,,,,,,,,,
613.619478000,,raw:ip:tcp,1378,4,TCP,20,,0x55ed,0x02,False,True,False,0,127,6,0x891b,10.116.1.162,10.118.1.2,1378,0x00,,,,,1,,59430,59430,445,1590,565,1338,20,0x0010,False,False,False,False,True,False,False,2097408,0x3d33,0,,,,,,,,,,,,,,,,,,,,,,,,,,,,,,,,,,,,,,,,,,,,,,,,,,,,,,,,,,,,,,,,,,,,,,,,,,,,,,,,,,,,,,,,,,
613.619515000,,raw:ip:tcp:nbss:smb2:gss-api:spnego:spnego-krb5,805,4,SMB2,20,,0x55ee,0x02,False,True,False,0,127,6,0x8b57,10.116.1.162,10.118.1.2,805,0x00,,,,,1,,59430,59430,445,2928,565,765,20,0x0018,False,False,False,True,True,False,False,2097408,0x0631,0,,,,,,,,,,,,,,,,,,,,,,,,,,,,,,,,,,,,,,,,,,,,,,,,,,,,,,,,,,,,,,,,,,,,,,,,,,,,,,,,,,,,,,,,,,
613.619535000,,raw:ip:tcp,40,4,TCP,20,,0x68b9,0x02,False,True,False,0,127,6,0x7b89,10.118.1.2,10.116.1.162,40,0x00,,,,,1,,445,445,59430,565,2928,0,20,0x0010,False,False,False,False,True,False,False,524288,0x76ce,0,,,,,,,,,,,,,,,,,,,,,,,,,,,,,,,,,,,,,,,,,,,,,,,,,,,,,,,,,,,,,,,,,,,,,,,,,,,,,,,,,,,,,,,,,,
613.620401000,,raw:ip:tcp:nbss:smb2:gss-api:spnego:spnego-krb5,301,4,SMB2,20,,0x68ba,0x02,False,True,False,0,127,6,0x7a83,10.118.1.2,10.116.1.162,301,0x00,,,,,1,,445,445,59430,565,3693,261,20,0x0018,False,False,False,True,True,False,False,523520,0xbac9,0,,,,,,,,,,,,,,,,,,,,,,,,,,,,,,,,,,,,,,,,,,,,,,,,,,,,,,,,,,,,,,,,,,,,,,,,,,,,,,,,,,,,,,,,,,
613.620986000,,raw:ip:tcp:nbss:smb2,186,4,SMB2,20,,0x55ef,0x02,False,True,False,0,127,6,0x8dc1,10.116.1.162,10.118.1.2,186,0x00,,,,,1,,59430,59430,445,3693,826,146,20,0x0018,False,False,False,True,True,False,False,2097152,0x9747,0,,,,,,,,,,,,,,,,,,,,,,,,,,,,,,,,,,,,,,,,,,,,,,,,,,,,,,,,,,,,,,,,,,,,,,,,,,,,,,,,,,,,,,,,,,
613.621091000,,raw:ip:tcp:nbss:smb2,124,4,SMB2,20,,0x68bb,0x02,False,True,False,0,127,6,0x7b33,10.118.1.2,10.116.1.162,124,0x00,,,,,1,,445,445,59430,826,3839,84,20,0x0018,False,False,False,True,True,False,False,523520,0x8028,0,,,,,,,,,,,,,,,,,,,,,,,,,,,,,,,,,,,,,,,,,,,,,,,,,,,,,,,,,,,,,,,,,,,,,,,,,,,,,,,,,,,,,,,,,,
613.621429000,,raw:ip:tcp:nbss:smb2,164,4,SMB2,20,,0x55f0,0x02,False,True,False,0,127,6,0x8dd6,10.116.1.162,10.118.1.2,164,0x00,,,,,1,,59430,59430,445,3839,910,124,20,0x0018,False,False,False,True,True,False,False,2096896,0x3d8c,0,,,,,,,,,,,,,,,,,,,,,,,,,,,,,,,,,,,,,,,,,,,,,,,,,,,,,,,,,,,,,,,,,,,,,,,,,,,,,,,,,,,,,,,,,,
613.621459000,,raw:ip:tcp:nbss:smb2,168,4,SMB2,20,,0x55f1,0x02,False,True,False,0,127,6,0x8dd1,10.116.1.162,10.118.1.2,168,0x00,,,,,1,,59430,59430,445,3963,910,128,20,0x0018,False,False,False,True,True,False,False,2096896,0x618e,0,,,,,,,,,,,,,,,,,,,,,,,,,,,,,,,,,,,,,,,,,,,,,,,,,,,,,,,,,,,,,,,,,,,,,,,,,,,,,,,,,,,,,,,,,,
613.621518000,,raw:ip:tcp,40,4,TCP,20,,0x68bc,0x02,False,True,False,0,127,6,0x7b86,10.118.1.2,10.116.1.162,40,0x00,,,,,1,,445,445,59430,910,4091,0,20,0x0010,False,False,False,False,True,False,False,523264,0x70ee,0,,,,,,,,,,,,,,,,,,,,,,,,,,,,,,,,,,,,,,,,,,,,,,,,,,,,,,,,,,,,,,,,,,,,,,,,,,,,,,,,,,,,,,,,,,
613.621554000,,raw:ip:tcp:nbss:smb2,460,4,SMB2,20,,0x68bd,0x02,False,True,False,0,127,6,0x79e1,10.118.1.2,10.116.1.162,460,0x00,,,,,1,,445,445,59430,910,4091,420,20,0x0018,False,False,False,True,True,False,False,523264,0x2472,0,,,,,,,,,,,,,,,,,,,,,,,,,,,,,,,,,,,,,,,,,,,,,,,,,,,,,,,,,,,,,,,,,,,,,,,,,,,,,,,,,,,,,,,,,,
613.621737000,,raw:ip:tcp:nbss:smb2,258,4,SMB2,20,,0x68be,0x02,False,True,False,0,127,6,0x7aaa,10.118.1.2,10.116.1.162,258,0x00,,,,,1,,445,445,59430,1330,4091,218,20,0x0018,False,False,False,True,True,False,False,523264,0x727e,0,,,,,,,,,,,,,,,,,,,,,,,,,,,,,,,,,,,,,,,,,,,,,,,,,,,,,,,,,,,,,,,,,,,,,,,,,,,,,,,,,,,,,,,,,,
613.622003000,,raw:ip:tcp,40,4,TCP,20,,0x55f2,0x02,False,True,False,0,127,6,0x8e50,10.116.1.162,10.118.1.2,40,0x00,,,,,1,,59430,59430,445,4091,1548,0,20,0x0010,False,False,False,False,True,False,False,2097920,0x5669,0,,,,,,,,,,,,,,,,,,,,,,,,,,,,,,,,,,,,,,,,,,,,,,,,,,,,,,,,,,,,,,,,,,,,,,,,,,,,,,,,,,,,,,,,,,
624.312499000,,raw:ip:tcp:nbss:smb2,112,4,SMB2,20,,0x55f3,0x02,False,True,False,0,127,6,0x8e07,10.116.1.162,10.118.1.2,112,0x00,,,,,1,,59430,59430,445,4091,1548,72,20,0x0018,False,False,False,True,True,False,False,2097920,0x31b8,0,,,,,,,,,,,,,,,,,,,,,,,,,,,,,,,,,,,,,,,,,,,,,,,,,,,,,,,,,,,,,,,,,,,,,,,,,,,,,,,,,,,,,,,,,,
624.312654000,,raw:ip:tcp:nbss:smb2,112,4,SMB2,20,,0x68bf,0x02,False,True,False,0,127,6,0x7b3b,10.118.1.2,10.116.1.162,112,0x00,,,,,1,,445,445,59430,1548,4163,72,20,0x0018,False,False,False,True,True,False,False,523008,0xe333,0,,,,,,,,,,,,,,,,,,,,,,,,,,,,,,,,,,,,,,,,,,,,,,,,,,,,,,,,,,,,,,,,,,,,,,,,,,,,,,,,,,,,,,,,,,
624.313018000,,raw:ip:tcp:nbss:smb2,112,4,SMB2,20,,0x55f4,0x02,False,True,False,0,127,6,0x8e06,10.116.1.162,10.118.1.2,112,0x00,,,,,1,,59430,59430,445,4163,1620,72,20,0x0018,False,False,False,True,True,False,False,2097664,0xe5b0,0,,,,,,,,,,,,,,,,,,,,,,,,,,,,,,,,,,,,,,,,,,,,,,,,,,,,,,,,,,,,,,,,,,,,,,,,,,,,,,,,,,,,,,,,,,
624.313125000,,raw:ip:tcp:nbss:smb2,112,4,SMB2,20,,0x68c0,0x02,False,True,False,0,127,6,0x7b3a,10.118.1.2,10.116.1.162,112,0x00,,,,,1,,445,445,59430,1620,4235,72,20,0x0018,False,False,False,True,True,False,False,523008,0xbb0d,0,,,,,,,,,,,,,,,,,,,,,,,,,,,,,,,,,,,,,,,,,,,,,,,,,,,,,,,,,,,,,,,,,,,,,,,,,,,,,,,,,,,,,,,,,,
624.313447000,,raw:ip:tcp,40,4,TCP,20,,0x55f5,0x02,False,True,False,0,127,6,0x8e4d,10.116.1.162,10.118.1.2,40,0x00,,,,,1,,59430,59430,445,4235,1692,0,20,0x0014,False,False,True,False,True,False,False,0,0x7548,0,,,,,,,,,,,,,,,,,,,,,,,,,,,,,,,,,,,,,,,,,,,,,,,,,,,,,,,,,,,,,,,,,,,,,,,,,,,,,,,,,,,,,,,,,,
633.481768000,,raw:ip:tcp:tls,78,4,TLSv1.2,20,,0x7236,0x02,False,True,False,0,127,6,0x7184,10.116.1.162,10.118.1.100,78,0x00,,,,,1,,55104,55104,5061,11489,11848,38,20,0x0018,False,False,False,True,True,False,False,1020,0xa38c,0,,,,,,,,,,,,,,,,,,,,,,,,,,,,,,,,,,,,,,,,,,,,,,,,,,,,,,,,,,,,,,,,,,,,,,,,,,,,,,,,,,,,,,,,,,
633.539392000,,raw:ip:tcp,40,4,TCP,20,,0x1db9,0x02,False,True,False,0,127,6,0xc627,10.118.1.100,10.116.1.162,40,0x00,,,,,1,,5061,5061,55104,11848,11527,0,20,0x0010,False,False,False,False,True,False,False,2045,0x7bb7,0,,,,,,,,,,,,,,,,,,,,,,,,,,,,,,,,,,,,,,,,,,,,,,,,,,,,,,,,,,,,,,,,,,,,,,,,,,,,,,,,,,,,,,,,,,
714.351286000,,raw:ip:tcp:tls,898,4,TLSv1.2,20,,0x7237,0x02,False,True,False,0,127,6,0x6e4f,10.116.1.162,10.118.1.100,898,0x00,,,,,1,,55104,55104,5061,11527,11848,858,20,0x0018,False,False,False,True,True,False,False,1020,0x552a,0,,,,,,,,,,,,,,,,,,,,,,,,,,,,,,,,,,,,,,,,,,,,,,,,,,,,,,,,,,,,,,,,,,,,,,,,,,,,,,,,,,,,,,,,,,
714.368549000,,raw:ip:tcp:tls,1378,4,TCP,20,,0x1dba,0x02,False,True,False,0,127,6,0xc0ec,10.118.1.100,10.116.1.162,1378,0x00,,,,,1,,5061,5061,55104,11848,12385,1338,20,0x0010,False,False,False,False,True,False,False,2048,0x6a0e,0,,,,,,,,,,,,,,,,,,,,,,,,,,,,,,,,,,,,,,,,,,,,,,,,,,,,,,,,,,,,,,,,,,,,,,,,,,,,,,,,,,,,,,,,,,
714.368555000,,raw:ip:tcp:tls:tls,685,4,TLSv1.2,20,,0x1dbb,0x02,False,True,False,0,127,6,0xc3a0,10.118.1.100,10.116.1.162,685,0x00,,,,,1,,5061,5061,55104,13186,12385,645,20,0x0018,False,False,False,True,True,False,False,2048,0xbdcc,0,,,,,,,,,,,,,,,,,,,,,,,,,,,,,,,,,,,,,,,,,,,,,,,,,,,,,,,,,,,,,,,,,,,,,,,,,,,,,,,,,,,,,,,,,,
714.368813000,,raw:ip:tcp:tls,1378,4,TCP,20,,0x1dbc,0x02,False,True,False,0,127,6,0xc0ea,10.118.1.100,10.116.1.162,1378,0x00,,,,,1,,5061,5061,55104,13831,12385,1338,20,0x0010,False,False,False,False,True,False,False,2048,0x3dcf,0,,,,,,,,,,,,,,,,,,,,,,,,,,,,,,,,,,,,,,,,,,,,,,,,,,,,,,,,,,,,,,,,,,,,,,,,,,,,,,,,,,,,,,,,,,
714.369423000,,raw:ip:tcp:tls:tls,634,4,TLSv1.2,20,,0x1dbd,0x02,False,True,False,0,127,6,0xc3d1,10.118.1.100,10.116.1.162,634,0x00,,,,,1,,5061,5061,55104,15169,12385,594,20,0x0018,False,False,False,True,True,False,False,2048,0x2078,0,,,,,,,,,,,,,,,,,,,,,,,,,,,,,,,,,,,,,,,,,,,,,,,,,,,,,,,,,,,,,,,,,,,,,,,,,,,,,,,,,,,,,,,,,,
714.369464000,,raw:ip:tcp,40,4,TCP,20,,0x7238,0x02,False,True,False,0,127,6,0x71a8,10.116.1.162,10.118.1.100,40,0x00,,,,,1,,55104,55104,5061,12385,13831,0,20,0x0010,False,False,False,False,True,False,False,1024,0x749b,0,,,,,,,,,,,,,,,,,,,,,,,,,,,,,,,,,,,,,,,,,,,,,,,,,,,,,,,,,,,,,,,,,,,,,,,,,,,,,,,,,,,,,,,,,,
714.369800000,,raw:ip:tcp,40,4,TCP,20,,0x7239,0x02,False,True,False,0,127,6,0x71a7,10.116.1.162,10.118.1.100,40,0x00,,,,,1,,55104,55104,5061,12385,15763,0,20,0x0010,False,False,False,False,True,False,False,1024,0x6d0f,0,,,,,,,,,,,,,,,,,,,,,,,,,,,,,,,,,,,,,,,,,,,,,,,,,,,,,,,,,,,,,,,,,,,,,,,,,,,,,,,,,,,,,,,,,,
755.661659000,,raw:ip:tcp:tls,1155,4,TLSv1.2,20,,0x1dbe,0x02,False,True,False,0,127,6,0xc1c7,10.118.1.100,10.116.1.162,1155,0x00,,,,,1,,5061,5061,55104,15763,12385,1115,20,0x0018,False,False,False,True,True,False,False,2048,0xeab3,0,,,,,,,,,,,,,,,,,,,,,,,,,,,,,,,,,,,,,,,,,,,,,,,,,,,,,,,,,,,,,,,,,,,,,,,,,,,,,,,,,,,,,,,,,,
755.717122000,,raw:ip:tcp,40,4,TCP,20,,0x723a,0x02,False,True,False,0,127,6,0x71a6,10.116.1.162,10.118.1.100,40,0x00,,,,,1,,55104,55104,5061,12385,16878,0,20,0x0010,False,False,False,False,True,False,False,1020,0x68b8,0,,,,,,,,,,,,,,,,,,,,,,,,,,,,,,,,,,,,,,,,,,,,,,,,,,,,,,,,,,,,,,,,,,,,,,,,,,,,,,,,,,,,,,,,,,
845.655148000,,raw:ip:tcp:tls,81,4,TLSv1.2,20,,0x723b,0x02,False,True,False,0,127,6,0x717c,10.116.1.162,10.118.1.100,81,0x00,,,,,1,,55104,55104,5061,12385,16878,41,20,0x0018,False,False,False,True,True,False,False,1020,0x3085,0,,,,,,,,,,,,,,,,,,,,,,,,,,,,,,,,,,,,,,,,,,,,,,,,,,,,,,,,,,,,,,,,,,,,,,,,,,,,,,,,,,,,,,,,,,
845.718617000,,raw:ip:tcp,40,4,TCP,20,,0x1dbf,0x02,False,True,False,0,127,6,0xc621,10.118.1.100,10.116.1.162,40,0x00,,,,,1,,5061,5061,55104,16878,12426,0,20,0x0010,False,False,False,False,True,False,False,2048,0x648b,0,,,,,,,,,,,,,,,,,,,,,,,,,,,,,,,,,,,,,,,,,,,,,,,,,,,,,,,,,,,,,,,,,,,,,,,,,,,,,,,,,,,,,,,,,,
935.669381000,,raw:ip:tcp:tls,78,4,TLSv1.2,20,,0x723c,0x02,False,True,False,0,127,6,0x717e,10.116.1.162,10.118.1.100,78,0x00,,,,,1,,55104,55104,5061,12426,16878,38,20,0x0018,False,False,False,True,True,False,False,1020,0x954b,0,,,,,,,,,,,,,,,,,,,,,,,,,,,,,,,,,,,,,,,,,,,,,,,,,,,,,,,,,,,,,,,,,,,,,,,,,,,,,,,,,,,,,,,,,,
935.733194000,,raw:ip:tcp,40,4,TCP,20,,0x1dc0,0x02,False,True,False,0,127,6,0xc620,10.118.1.100,10.116.1.162,40,0x00,,,,,1,,5061,5061,55104,16878,12464,0,20,0x0010,False,False,False,False,True,False,False,2048,0x6465,0,,,,,,,,,,,,,,,,,,,,,,,,,,,,,,,,,,,,,,,,,,,,,,,,,,,,,,,,,,,,,,,,,,,,,,,,,,,,,,,,,,,,,,,,,,
1014.336315000,,raw:ip:tcp:tls,318,4,TLSv1.2,20,,0x723d,0x02,False,True,False,0,127,6,0x708d,10.116.1.162,10.118.1.100,318,0x00,,,,,1,,55104,55104,5061,12464,16878,278,20,0x0018,False,False,False,True,True,False,False,1020,0x60da,0,,,,,,,,,,,,,,,,,,,,,,,,,,,,,,,,,,,,,,,,,,,,,,,,,,,,,,,,,,,,,,,,,,,,,,,,,,,,,,,,,,,,,,,,,,
1014.356785000,,raw:ip:tcp:tls,1378,4,TCP,20,,0x1dc1,0x02,False,True,False,0,127,6,0xc0e5,10.118.1.100,10.116.1.162,1378,0x00,,,,,1,,5061,5061,55104,16878,12742,1338,20,0x0010,False,False,False,False,True,False,False,2047,0x051a,0,,,,,,,,,,,,,,,,,,,,,,,,,,,,,,,,,,,,,,,,,,,,,,,,,,,,,,,,,,,,,,,,,,,,,,,,,,,,,,,,,,,,,,,,,,
1014.356791000,,raw:ip:tcp:tls:tls,511,4,TLSv1.2,20,,0x1dc2,0x02,False,True,False,0,127,6,0xc447,10.118.1.100,10.116.1.162,511,0x00,,,,,1,,5061,5061,55104,18216,12742,471,20,0x0018,False,False,False,True,True,False,False,2047,0x34a5,0,,,,,,,,,,,,,,,,,,,,,,,,,,,,,,,,,,,,,,,,,,,,,,,,,,,,,,,,,,,,,,,,,,,,,,,,,,,,,,,,,,,,,,,,,,
1014.357200000,,raw:ip:tcp:tls,1378,4,TCP,20,,0x1dc3,0x02,False,True,False,0,127,6,0xc0e3,10.118.1.100,10.116.1.162,1378,0x00,,,,,1,,5061,5061,55104,18687,12742,1338,20,0x0010,False,False,False,False,True,False,False,2047,0xf5bf,0,,,,,,,,,,,,,,,,,,,,,,,,,,,,,,,,,,,,,,,,,,,,,,,,,,,,,,,,,,,,,,,,,,,,,,,,,,,,,,,,,,,,,,,,,,
1014.357206000,,raw:ip:tcp:tls:tls,702,4,TLSv1.2,20,,0x1dc4,0x02,False,True,False,0,127,6,0xc386,10.118.1.100,10.116.1.162,702,0x00,,,,,1,,5061,5061,55104,20025,12742,662,20,0x0018,False,False,False,True,True,False,False,2047,0x952e,0,,,,,,,,,,,,,,,,,,,,,,,,,,,,,,,,,,,,,,,,,,,,,,,,,,,,,,,,,,,,,,,,,,,,,,,,,,,,,,,,,,,,,,,,,,
1014.357334000,,raw:ip:tcp,40,4,TCP,20,,0x723e,0x02,False,True,False,0,127,6,0x71a2,10.116.1.162,10.118.1.100,40,0x00,,,,,1,,55104,55104,5061,12742,18687,0,20,0x0010,False,False,False,False,True,False,False,1024,0x603e,0,,,,,,,,,,,,,,,,,,,,,,,,,,,,,,,,,,,,,,,,,,,,,,,,,,,,,,,,,,,,,,,,,,,,,,,,,,,,,,,,,,,,,,,,,,
1014.357577000,,raw:ip:tcp,40,4,TCP,20,,0x723f,0x02,False,True,False,0,127,6,0x71a1,10.116.1.162,10.118.1.100,40,0x00,,,,,1,,55104,55104,5061,12742,20687,0,20,0x0010,False,False,False,False,True,False,False,1024,0x586e,0,,,,,,,,,,,,,,,,,,,,,,,,,,,,,,,,,,,,,,,,,,,,,,,,,,,,,,,,,,,,,,,,,,,,,,,,,,,,,,,,,,,,,,,,,,
1053.467614000,,raw:ip:tcp:tls,922,4,TLSv1.2,20,,0x1dc5,0x02,False,True,False,0,127,6,0xc2a9,10.118.1.100,10.116.1.162,922,0x00,,,,,1,,5061,5061,55104,20687,12742,882,20,0x0018,False,False,False,True,True,False,False,2047,0xa7ae,0,,,,,,,,,,,,,,,,,,,,,,,,,,,,,,,,,,,,,,,,,,,,,,,,,,,,,,,,,,,,,,,,,,,,,,,,,,,,,,,,,,,,,,,,,,
1053.469263000,,raw:ip:tcp:tls,411,4,TLSv1.2,20,,0x7240,0x02,False,True,False,0,127,6,0x702d,10.116.1.162,10.118.1.100,411,0x00,,,,,1,,55104,55104,5061,12742,21569,371,20,0x0018,False,False,False,True,True,False,False,1020,0x26f7,0,,,,,,,,,,,,,,,,,,,,,,,,,,,,,,,,,,,,,,,,,,,,,,,,,,,,,,,,,,,,,,,,,,,,,,,,,,,,,,,,,,,,,,,,,,
1053.527313000,,raw:ip:tcp,40,4,TCP,20,,0x1dc6,0x02,False,True,False,0,127,6,0xc61a,10.118.1.100,10.116.1.162,40,0x00,,,,,1,,5061,5061,55104,21569,13113,0,20,0x0010,False,False,False,False,True,False,False,2045,0x4f8c,0,,,,,,,,,,,,,,,,,,,,,,,,,,,,,,,,,,,,,,,,,,,,,,,,,,,,,,,,,,,,,,,,,,,,,,,,,,,,,,,,,,,,,,,,,,
1053.527652000,,raw:ip:tcp:tls,694,4,TLSv1.2,20,,0x7241,0x02,False,True,False,0,127,6,0x6f11,10.116.1.162,10.118.1.100,694,0x00,,,,,1,,55104,55104,5061,13113,21569,654,20,0x0018,False,False,False,True,True,False,False,1020,0x12f9,0,,,,,,,,,,,,,,,,,,,,,,,,,,,,,,,,,,,,,,,,,,,,,,,,,,,,,,,,,,,,,,,,,,,,,,,,,,,,,,,,,,,,,,,,,,
1053.528325000,,raw:ip:tcp:tls,404,4,TLSv1.2,20,,0x1dc7,0x02,False,True,False,0,127,6,0xc4ad,10.118.1.100,10.116.1.162,404,0x00,,,,,1,,5061,5061,55104,21569,13767,364,20,0x0018,False,False,False,True,True,False,False,2048,0xe612,0,,,,,,,,,,,,,,,,,,,,,,,,,,,,,,,,,,,,,,,,,,,,,,,,,,,,,,,,,,,,,,,,,,,,,,,,,,,,,,,,,,,,,,,,,,
1053.574784000,,raw:ip:tcp,40,4,TCP,20,,0x7242,0x02,False,True,False,0,127,6,0x719e,10.116.1.162,10.118.1.100,40,0x00,,,,,1,,55104,55104,5061,13767,21933,0,20,0x0010,False,False,False,False,True,False,False,1019,0x4f94,0,,,,,,,,,,,,,,,,,,,,,,,,,,,,,,,,,,,,,,,,,,,,,,,,,,,,,,,,,,,,,,,,,,,,,,,,,,,,,,,,,,,,,,,,,,
1056.205462000,,raw:ip:tcp:tls,1022,4,TLSv1.2,20,,0x1dc8,0x02,False,True,False,0,127,6,0xc242,10.118.1.100,10.116.1.162,1022,0x00,,,,,1,,5061,5061,55104,21933,13767,982,20,0x0018,False,False,False,True,True,False,False,2048,0xef4e,0,,,,,,,,,,,,,,,,,,,,,,,,,,,,,,,,,,,,,,,,,,,,,,,,,,,,,,,,,,,,,,,,,,,,,,,,,,,,,,,,,,,,,,,,,,
1056.251902000,,raw:ip:tcp,40,4,TCP,20,,0x7243,0x02,False,True,False,0,127,6,0x719d,10.116.1.162,10.118.1.100,40,0x00,,,,,1,,55104,55104,5061,13767,22915,0,20,0x0010,False,False,False,False,True,False,False,1024,0x4bb9,0,,,,,,,,,,,,,,,,,,,,,,,,,,,,,,,,,,,,,,,,,,,,,,,,,,,,,,,,,,,,,,,,,,,,,,,,,,,,,,,,,,,,,,,,,,
1146.227174000,,raw:ip:tcp:tls,79,4,TLSv1.2,20,,0x7244,0x02,False,True,False,0,127,6,0x7175,10.116.1.162,10.118.1.100,79,0x00,,,,,1,,55104,55104,5061,13767,22915,39,20,0x0018,False,False,False,True,True,False,False,1024,0x85f5,0,,,,,,,,,,,,,,,,,,,,,,,,,,,,,,,,,,,,,,,,,,,,,,,,,,,,,,,,,,,,,,,,,,,,,,,,,,,,,,,,,,,,,,,,,,
1146.287476000,,raw:ip:tcp,40,4,TCP,20,,0x1dc9,0x02,False,True,False,0,127,6,0xc617,10.118.1.100,10.116.1.162,40,0x00,,,,,1,,5061,5061,55104,22915,13806,0,20,0x0010,False,False,False,False,True,False,False,2048,0x4792,0,,,,,,,,,,,,,,,,,,,,,,,,,,,,,,,,,,,,,,,,,,,,,,,,,,,,,,,,,,,,,,,,,,,,,,,,,,,,,,,,,,,,,,,,,,
